iso_code,continent,Country_Region,Lat,Long_,last_updated_date,Confirmed,new_cases,Deaths,new_deaths,new_tests,Tests,positive_rate,tests_per_case,total_vaccinations,people_vaccinated,people_fully_vaccinated,population,median_age,aged_65_older,aged_70_older,gdp_per_capita,extreme_poverty
AFG,Asia,Afghanistan,33.93911,67.709953,2021-09-17,154487,126,7186,3,,,,,,,,39835428,18.6,2.581,1.337,1803.987,
ALB,Europe,Albania,41.1533,20.1683,2021-09-17,161324,959,2569,6,,,,,1632986,911372,721614,2872934,38,13.188,8.643,11803.431,1.1
DZA,Africa,Algeria,28.0339,1.6596,2021-09-17,201224,235,5670,19,,,,,9989662,5815039,4174623,44616626,29.1,6.211,3.857,13913.839,0.5
AND,Europe,Andorra,42.5063,1.5218,2021-09-17,15124,11,130,0,,210856,0.034,29.1,,,,77354,,,,,
AGO,Africa,Angola,-11.2027,17.8739,2021-09-17,52208,381,1378,7,,,,,2469333,1510880,958453,33933611,16.8,2.405,1.362,5819.495,
ATG,North America,Antigua and Barbuda,17.0608,-61.7964,2021-09-17,2603,299,55,7,,,,,79922,43949,35973,98728,32.1,6.933,4.631,21490.943,
ARG,South America,Argentina,-38.4161,-63.6167,2021-09-17,5237159,2308,114286,185,22861,13699212,0.032,31.2,48310770,28929766,19398787,45605823,31.9,11.198,7.441,18933.907,0.6
ARM,Asia,Armenia,40.0691,45.0382,2021-09-17,252082,759,5101,26,5067,1633587,0.112,9,335721,215278,120443,2968128,35.7,11.232,7.571,8787.58,1.8
AUS,Oceania,Australia,-25,133,2021-09-17,84056,1856,1148,7,223818,34911907,0.009,117.5,24054063,14768715,9285348,25788217,37.9,15.504,10.129,44648.71,0.5
AUT,Europe,Austria,47.5162,14.5501,2021-09-17,720455,2364,10882,12,353847,81737713,0.006,165.4,10685286,5640345,5330472,9043072,44.4,19.202,13.748,45436.686,0.7
AZE,Asia,Azerbaijan,40.1431,47.5769,2021-09-17,467173,0,6227,0,12852,4702934,0.206,4.9,7806235,4570812,3235423,10223344,32.4,6.018,3.871,15847.419,
BHS,North America,Bahamas,25.025885,-78.035889,2021-09-17,20030,235,504,35,,,,,173130,105753,65915,396914,34.3,8.996,5.2,27717.847,
BHR,Asia,Bahrain,26.0275,50.55,2021-09-17,274107,66,1388,0,16656,6219122,0.005,208.2,2534296,1159989,1103361,1748295,32.4,2.372,1.387,43290.705,
BGD,Asia,Bangladesh,23.685,90.3563,2021-09-17,1540110,1907,27147,38,28615,9339121,0.068,14.7,35861843,21559401,14302442,166303494,27.5,5.098,3.262,3523.984,14.8
BRB,North America,Barbados,13.1939,-59.5432,2021-09-17,6358,110,57,3,,,,,221000,123950,97050,287708,39.8,14.952,9.473,16978.068,
BLR,Europe,f,53.7098,27.9534,2021-09-17,512460,1979,3978,12,18329,8118970,0.085,11.8,3206505,1751254,1455251,9442867,40.3,14.799,9.788,17167.967,
BEL,Europe,Belgium,50.8333,4.469936,2021-09-17,1219814,2341,25497,3,53640,19384396,0.048,20.8,16442235,8515499,8297278,11632334,41.8,18.571,12.849,42658.576,0.2
BLZ,North America,Belize,17.1899,-88.4976,2021-09-17,18532,198,389,0,,241828,0.116,8.6,275719,180196,95523,404915,25,3.853,2.279,7824.362,
BEN,Africa,Benin,9.3077,2.3158,2021-09-17,21450,0,146,0,,,,,174104,152669,,12451031,18.8,3.244,1.942,2064.236,49.6
BTN,Asia,Bhutan,27.5142,90.4336,2021-09-17,2596,0,3,0,1874,1125970,0,,1046117,567220,478897,779900,28.6,4.885,2.977,8708.597,1.5
BOL,South America,Bolivia,-16.2902,-63.5887,2021-09-17,496700,668,18648,32,6790,2371896,0.069,14.5,6347661,4161019,3017983,11832936,25.4,6.704,4.393,6885.829,7.1
BIH,Europe,Bosnia and Herzegovina,43.9159,17.6791,2021-09-17,225857,995,10203,42,3222,1185467,0.249,4,1060145,634063,426082,3263459,42.5,16.569,10.711,11713.895,0.2
BWA,Africa,Botswana,-22.3285,24.6849,2021-09-17,172252,0,2343,0,,,,,587595,365655,221940,2397240,25.8,3.941,2.242,15807.374,
BRA,South America,Brazil,-14.235,-51.9253,2021-09-17,21080219,11202,589573,327,,,,,218651740,145113195,78072189,213993441,33.5,8.552,5.06,14103.452,3.4
BRN,Asia,Brunei,4.5353,114.7277,2021-09-17,4814,139,24,1,,,,,385602,237015,148587,441532,32.4,4.591,2.382,71809.251,
BGR,Europe,Bulgaria,42.7339,25.4858,2021-09-17,480777,1892,19955,79,,4560069,0.073,13.7,2458928,,1272680,6896655,44.7,20.801,13.272,18563.307,1.5
BFA,Africa,Burkina Faso,12.2383,-1.5616,2021-09-17,14003,19,172,0,,,,,166160,166160,102268,21497097,17.6,2.409,1.358,1703.102,43.7
BDI,Africa,Burundi,-3.3731,29.9189,2021-09-17,14189,0,38,0,,,,,,,,12255429,17.5,2.562,1.504,702.225,71.7
KHM,Asia,Cambodia,11.55,104.9167,2021-09-17,102834,698,2089,11,,2289480,,,21612643,11608143,10114802,16946446,25.6,4.412,2.385,3645.07,
CMR,Africa,Cameroon,3.848,11.5021,2021-09-17,85414,0,1368,0,,,,,444521,363773,80748,27224262,18.8,3.165,1.919,3364.926,23.8
CAN,North America,Canada,60.001,-95.001,2021-09-17,1577335,5107,27421,44,108965,41861477,0.048,20.6,54934350,28629817,26304533,38067913,41.4,16.984,10.797,44017.591,0.5
CPV,Africa,Cape Verde,16.5388,-23.0418,2021-09-17,36970,79,327,0,1130,,,,368789,272501,94997,561901,25.7,4.46,3.437,6222.554,
CAF,Africa,Central African Republic,6.6111,20.9394,2021-09-17,11309,0,100,0,,,,,112492,102591,9901,4919987,18.3,3.655,2.251,661.24,
TCD,Africa,Chad,15.4542,18.7322,2021-09-17,5025,4,174,0,,,,,104707,86821,17886,16914985,16.7,2.486,1.446,1768.153,38.4
CHL,South America,Chile,-35.6751,-71.543,2021-09-17,1646403,583,37318,25,61697,20840102,0.009,108.6,30772997,14671991,14007210,19212362,35.4,11.087,6.938,22767.037,1.3
CHN,Asia,China,30.5928,114.3055,2021-09-17,95686,46,4636,0,,,,,2165679000,1095000000,1011584000,1444216102,38.7,10.641,5.929,15308.712,0.7
COL,South America,Colombia,4.5709,-74.2973,2021-09-17,4937596,1544,125826,44,55581,24864554,0.046,21.7,37830713,24733487,15902438,51265841,32.2,7.646,4.312,13254.949,4.5
COM,Africa,Comoros,-11.6455,43.3333,2021-09-17,4104,3,147,0,,,,,334369,174765,159604,888456,20.4,2.963,1.726,1413.89,18.1
COG,Africa,Congo,-0.228,15.8277,2021-09-17,13701,0,183,0,,,,,319231,207265,111966,5657017,19,3.402,2.063,4881.406,37
CRI,North America,Costa Rica,9.7489,-83.7534,2021-09-17,505163,2801,5949,30,3678,1794154,0.296,3.4,4872085,3144786,1727299,5139053,33.6,9.468,5.694,15524.995,1.3
CIV,Africa,Cote d'Ivoire,7.54,-5.5471,2021-09-17,58743,212,553,7,3669,964928,0.044,22.6,1698973,1193877,273400,27053629,18.7,2.933,1.582,3601.006,28.2
HRV,Europe,Croatia,45.1,15.2,2021-09-17,389654,1394,8481,9,10743,2695369,0.109,9.1,3356659,1775653,1663891,4081657,44,19.724,13.053,22669.797,0.7
CUB,North America,Cuba,21.521757,-77.781167,2021-09-17,784416,8291,6676,75,,,,,17220087,7461666,4444521,11317498,43.1,14.738,9.719,,
CYP,Europe,Cyprus,35.1264,33.4299,2021-09-17,116494,0,534,0,51255,12522182,0.002,608,1129665,589098,540567,888005,37.3,13.416,8.563,32415.132,
CZE,Europe,Czechia,49.8175,15.473,2021-09-17,1685435,554,30427,5,76326,,0.006,166.7,11686508,6028517,5878531,10724553,43.3,19.027,11.58,32605.906,
COD,Africa,Democratic Republic of Congo,-4.0383,21.7587,2021-09-17,56387,30,1068,0,,,,,120062,85182,25452,92377986,17,3.02,1.745,808.133,77.1
DNK,Europe,Denmark,56.2639,9.5018,2021-09-17,355575,340,2624,3,25726,40601051,0.011,89.2,8716356,4440213,4322533,5813302,42.3,19.677,12.325,46682.515,0.2
DJI,Africa,Djibouti,11.8251,42.5903,2021-09-17,11960,0,157,0,,,,,66010,39923,26087,1002197,25.4,4.213,2.38,2705.406,22.5
DMA,North America,Dominica,15.415,-61.371,2021-09-17,2758,0,8,0,,,,,43971,23300,20671,72172,,,,9673.367,
DOM,North America,Dominican Republic,18.7357,-70.1627,2021-09-17,354716,273,4027,2,,2010899,0.073,13.8,11585713,5957432,4802290,10953714,27.6,6.981,4.419,14600.861,1.6
ECU,South America,Ecuador,-1.8312,-78.1834,2021-09-17,505860,0,32559,0,2884,1710032,0.108,9.3,20426849,10699102,9727747,17888474,28.1,7.104,4.458,10581.936,3.6
EGY,Africa,Egypt,26.820553,30.802498,2021-09-17,295639,588,16935,14,,,,,11989196,7743420,4245776,104258327,25.3,5.159,2.891,10550.206,1.3
SLV,North America,El Salvador,13.7942,-88.8965,2021-09-17,99701,0,3078,12,,,,,7065918,3875388,3190530,6518500,27.6,8.273,5.417,7292.458,2.2
GNQ,Africa,Equatorial Guinea,1.6508,10.2679,2021-09-17,11063,0,137,0,2175,210877,0.134,7.4,370163,210358,159805,1449891,22.4,2.846,1.752,22604.873,
ERI,Africa,Eritrea,15.1794,39.7823,2021-09-17,6669,2,40,0,,,,,,,,3601462,19.3,3.607,2.171,1510.459,
EST,Europe,Estonia,58.5953,25.0136,2021-09-17,148923,532,1322,2,6453,1848009,0.075,13.4,1326099,745168,580931,1325188,42.7,19.452,13.491,29481.252,0.5
SWZ,Africa,Eswatini,-26.5225,31.4659,2021-09-17,45317,43,1194,0,,,,,210277,180709,172985,1172369,21.5,3.163,1.845,7738.975,
ETH,Africa,Ethiopia,9.145,40.4897,2021-09-17,330494,1759,5090,31,9725,3358285,0.17,5.9,2960109,2414898,545211,117876226,19.8,3.526,2.063,1729.927,26.7
FJI,Oceania,Fiji,-17.7134,178.065,2021-09-17,49719,132,566,22,,,,,912149,569958,342191,902899,28.6,6.224,3.284,8702.975,1.4
FIN,Europe,Finland,61.9241,25.7482,2021-09-17,135815,501,1052,0,16118,6933023,0.029,34.3,7332815,4094729,3238086,5548361,42.8,21.228,13.264,40585.721,
FRA,Europe,France,46.2276,2.2137,2021-09-17,7029959,7756,116618,107,663977,,0.018,55.6,92262410,49707676,43042655,67564251,42,19.718,13.079,38605.671,
GAB,Africa,Gabon,-0.8037,11.6094,2021-09-17,27643,352,175,1,,1127524,0.038,26,,,,2278829,23.1,4.45,2.976,16562.413,3.4
GMB,Africa,Gambia,13.4432,-15.3101,2021-09-17,9867,0,330,0,,106259,0.043,23.1,201835,179910,165785,2486937,17.5,2.339,1.417,1561.767,10.1
GEO,Asia,Georgia,42.3154,43.3569,2021-09-17,591766,2039,8446,56,50000,8500000,0.087,11.5,1610309,935094,675215,3979773,38.7,14.864,10.244,9745.079,4.2
DEU,Europe,Germany,51.165691,10.451526,2021-09-17,4137062,9904,92928,22,,72301440,0.08,12.5,105229636,55703730,52245087,83900471,46.6,21.453,15.957,45229.245,
GHA,Africa,Ghana,7.9465,-1.0232,2021-09-17,124740,866,1116,18,,,,,,,,31732128,21.1,3.385,1.948,4227.63,12
GRC,Europe,Greece,39.0742,21.8243,2021-09-17,627314,2231,14394,40,155295,17406729,0.015,68.9,11848069,6349134,5920231,10370747,45.3,20.396,14.524,24574.382,1.5
GRD,North America,Grenada,12.1165,-61.679,2021-09-17,3490,228,48,2,,,,,48140,28511,19629,113015,29.4,7.304,5.021,13593.877,
GTM,North America,Guatemala,15.7835,-90.2308,2021-09-17,525161,4068,12947,40,6773,2145502,0.312,3.2,5964194,4017554,1946640,18249868,22.9,4.694,3.016,7423.808,8.7
GIN,Africa,Guinea,9.9456,-9.6966,2021-09-17,30136,0,370,0,,,,,1387699,953942,433757,13497237,19,3.135,1.733,1998.926,35.3
GNB,Africa,Guinea-Bissau,11.8037,-15.1804,2021-09-17,6069,16,130,0,,,,,,,,2015490,19.4,3.002,1.565,1548.675,67.1
GUY,South America,Guyana,4.860416,-58.93018,2021-09-17,29072,241,706,3,,,,,518295,341600,176695,790329,26.3,5.305,2.837,7435.047,
HTI,North America,Haiti,18.9712,-72.2852,2021-09-17,21330,12,596,0,,,,,57341,40198,17484,11541683,24.3,4.8,2.954,1653.173,23.5
HND,North America,Honduras,15.2,-86.2419,2021-09-17,356707,1737,9452,52,,,,,4637151,2947650,1689501,10062994,24.9,4.652,2.883,4541.795,16
HUN,Europe,Hungary,47.1625,19.5033,2021-09-17,817159,479,30123,5,15682,6302559,0.026,39,,5855039,5564586,9634162,43.4,18.577,11.976,26777.561,0.5
ISL,Europe,Iceland,64.9631,-19.0208,2021-09-17,11404,27,33,0,1762,615816,,,547788,281141,274175,343360,37.3,14.431,9.207,46482.958,0.2
IND,Asia,India,20.593684,78.96288,2021-09-17,33381728,0,444248,0,1430891,544444967,0.02,51.2,777387850,586105233,191282617,1393409033,28.2,5.989,3.414,6426.674,21.2
IDN,Asia,Indonesia,-0.7893,113.9213,2021-09-17,4185144,3835,140138,219,143135,23199268,0.037,27,121542203,77417488,44124715,276361788,29.3,5.319,3.053,11188.744,5.7
IRN,Asia,Iran,32.427908,53.688046,2021-09-17,5396013,17605,116436,364,115179,30672916,0.183,5.5,36753231,22943141,12549387,85028760,32.4,5.44,3.182,19082.62,0.2
IRQ,Asia,Iraq,33.223191,43.679291,2021-09-17,1970746,3559,21739,56,32036,14895398,0.127,7.9,6672182,4203578,2468604,41179351,20,3.186,1.957,15663.986,2.5
IRL,Europe,Ireland,53.1424,-7.6921,2021-09-17,372687,1386,5179,0,28135,7079448,0.052,19.1,7088705,3745660,3577773,4982904,38.7,13.928,8.678,67335.293,0.2
ISR,Asia,Israel,31.046051,34.851612,2021-09-17,1211443,3040,7494,29,54984,25581567,0.058,17.4,14652030,6059158,5572156,8789776,30.6,11.733,7.359,33132.32,0.5
ITA,Europe,Italy,41.8719,12.5674,2021-09-17,4627699,4544,130233,66,306267,88516407,0.017,60.5,82019420,44110138,39371032,60367471,47.9,23.021,16.24,35220.084,2
JAM,North America,Jamaica,18.1096,-77.2975,2021-09-17,78590,601,1772,4,1564,578267,0.333,3,702693,506797,216103,2973462,31.4,9.684,6.39,8193.571,
JPN,Asia,Japan,36.204824,138.252924,2021-09-17,1669982,6164,17120,69,107105,22590267,0.074,13.6,149882538,82677879,67204659,126050796,48.2,27.049,18.493,39002.223,
JOR,Asia,Jordan,31.24,36.51,2021-09-17,812253,790,10594,8,28071,9706117,0.031,32.4,6770298,3615365,3154933,10269022,23.2,3.81,2.361,8337.49,0.1
KAZ,Asia,Kazakhstan,48.0196,66.9237,2021-09-17,931458,3117,15031,0,,,,,13287776,7228047,6059729,18994958,30.6,6.991,4.625,24055.588,0.1
KEN,Africa,Kenya,-0.0236,37.9062,2021-09-17,245781,444,4965,4,,,,,3290450,2439528,850922,54985702,20,2.686,1.528,2993.028,36.8
KWT,Asia,Kuwait,29.31166,47.481766,2021-09-17,411081,63,2437,1,14694,4003280,0.004,260.3,,,,4328553,33.7,2.345,1.114,65530.537,
KGZ,Asia,Kyrgyzstan,41.20438,74.766098,2021-09-17,177567,83,2583,2,,,,,1321880,760466,557094,6628347,26.3,4.489,2.882,3393.474,1.4
LAO,Asia,Laos,19.85627,102.495496,2021-09-17,18347,288,16,0,3430,487290,0.052,19.4,4402770,2650948,1860415,7379358,24.4,4.029,2.322,6397.36,22.7
LVA,Europe,Latvia,56.8796,24.6032,2021-09-17,149614,533,2635,3,,,,,1580201,888910,802871,1866934,43.9,19.754,14.136,25063.846,0.7
LBN,Asia,Lebanon,33.8547,35.8623,2021-09-17,617036,857,8228,4,,,,,2704158,1499772,1204386,6769151,31.1,8.514,5.43,13367.565,
LSO,Africa,Lesotho,-29.609988,28.233608,2021-09-17,14395,0,403,0,,,,,,,,2159067,22.2,4.506,2.647,2851.153,59.6
LBR,Africa,Liberia,6.428055,-9.429499,2021-09-17,5904,177,283,38,,,,,,,,5180208,19.2,3.057,1.756,752.788,38.6
LBY,Africa,Libya,26.3351,17.228331,2021-09-17,329824,968,4490,10,5039,,,,1381309,1246217,135092,6958538,29,4.424,2.816,17881.509,
LIE,Europe,Liechtenstein,47.14,9.55,2021-09-17,3402,8,60,0,164,64615,0.026,38.5,44789,23699,21383,38254,,,,,
LTU,Europe,Lithuania,55.1694,23.8813,2021-09-17,313692,1211,4763,12,22720,4812417,0.061,16.4,3306744,1716628,1590116,2689862,43.5,19.002,13.778,29524.265,0.7
LUX,Europe,Luxembourg,49.8153,6.1296,2021-09-17,77189,91,834,0,6400,3493106,0.015,68.5,779620,416918,,634814,39.7,14.312,9.842,94277.965,0.2
MDG,Africa,Madagascar,-18.766947,46.869107,2021-09-17,42898,0,958,0,,,,,283091,210666,86090,28427333,19.6,2.929,1.686,1416.44,77.6
MWI,Africa,Malawi,-13.254308,34.301525,2021-09-17,61287,37,2252,1,,,,,974830,742169,469604,19647681,18.1,2.979,1.783,1095.042,71.4
MYS,Asia,Malaysia,4.210484,101.975766,2021-09-17,2067327,17577,22743,388,,,,,39923416,21863951,18135561,32776195,29.9,6.293,3.407,26808.164,0.1
MDV,Asia,Maldives,3.2028,73.2207,2021-09-17,83332,84,229,2,5127,1460154,0.022,46.2,720666,390644,330022,543620,30.6,4.12,2.875,15183.616,
MLI,Africa,Mali,17.570692,-3.996166,2021-09-17,15029,9,545,0,,,,,370529,284052,86477,20855724,16.4,2.519,1.486,2014.306,
MLT,Europe,Malta,35.9375,14.3754,2021-09-17,36927,27,453,1,2601,1211456,0.016,62.4,810125,418251,417636,514564,42.4,19.426,11.324,36513.323,0.2
MRT,Africa,Mauritania,21.0079,-10.9408,2021-09-17,35328,116,763,2,,,,,333089,311544,21545,4775110,20.3,3.138,1.792,3597.633,6
MUS,Africa,Mauritius,-20.348404,57.552152,2021-09-17,14243,170,50,2,,,,,1625865,842642,783223,1273428,37.4,10.945,5.884,20292.745,0.5
MEX,North America,Mexico,23.6345,-102.5528,2021-09-17,3552983,3754,270538,190,7450,9795982,0.358,2.8,94144251,61573170,40997724,130262220,29.3,6.857,4.321,17336.469,2.5
MDA,Europe,Moldova,47.4116,28.3699,2021-09-17,280175,1032,6578,9,,1673626,0.113,8.9,1357495,,750553,4024025,37.6,10.864,6.955,5189.972,0.2
MCO,Europe,Monaco,43.7333,7.4167,2021-09-17,3290,2,33,0,,,,,49980,26672,23308,39520,,,,,
MNG,Asia,Mongolia,46.8625,103.8467,2021-09-17,269476,2796,1083,9,1106416,4973007,0.277,3.6,4367512,2248058,2119454,3329282,28.6,4.031,2.421,11840.846,0.5
MNE,Europe,Montenegro,42.708678,19.37439,2021-09-17,125128,643,1832,10,,,,,432167,229399,202768,628051,39.1,14.762,9.395,16409.288,1
MAR,Africa,Morocco,31.7917,-7.0926,2021-09-17,915835,2412,13828,53,23052,8533903,0.106,9.4,37238088,20362745,16875343,37344787,29.6,6.769,4.209,7485.013,1
MOZ,Africa,Mozambique,-18.665695,35.529562,2021-09-17,149906,102,1903,1,705,878110,0.093,10.7,3427486,1864229,1563257,32163045,17.7,3.158,1.87,1136.103,62.9
MMR,Asia,Myanmar,21.9162,95.956,2021-09-17,442928,2187,16944,75,24822,4002846,0.094,10.6,8184418,4944654,3239764,54806014,29.1,5.732,3.12,5591.597,6.4
NAM,Africa,Namibia,-22.9576,18.4904,2021-09-17,126628,91,3461,5,790,681868,0.059,17.1,374178,232051,142127,2587344,22,3.552,2.085,9541.808,13.4
NPL,Asia,Nepal,28.1667,84.25,2021-09-17,783075,1086,11012,10,11208,4068591,0.107,9.3,11590504,6083124,5507380,29674920,25,5.809,3.212,2442.804,15
NLD,Europe,Netherlands,52.3167,5.55,2021-09-17,2018461,2236,18495,11,,12823298,0.085,11.8,22196529,12068854,10924705,17173094,43.2,18.779,11.881,48472.545,
NZL,Oceania,New Zealand,-40.9006,174.886,2021-09-17,4039,24,27,0,15418,3206325,0.002,612.4,4569255,3015345,1553910,4860642,37.9,15.322,9.72,36085.843,
NIC,North America,Nicaragua,12.865416,-85.207229,2021-09-17,13025,0,202,0,,,,,769105,490472,278633,6702379,27.3,5.445,3.519,5321.444,3.2
NER,Africa,Niger,17.607789,8.081666,2021-09-17,5947,0,201,0,,,,,,,,25130810,15.1,2.553,1.378,926,44.5
NGA,Africa,Nigeria,9.082,8.6753,2021-09-17,201294,938,2649,9,,2942578,0.051,19.7,5858737,4146028,1712709,211400704,18.1,2.751,1.447,5338.454,
MKD,Europe,North Macedonia,41.6086,21.7453,2021-09-17,186010,560,6396,29,,1222443,0.081,12.3,1435392,767653,667739,2082661,39.1,13.26,8.16,13111.214,5
NOR,Europe,Norway,60.472,8.4689,2021-09-17,181195,763,841,0,24735,7537286,0.052,19.1,7586705,4046955,3539750,5465629,39.7,16.821,10.813,64800.057,0.2
OMN,Asia,Oman,21.512583,55.923255,2021-09-17,303309,0,4092,0,,,,,4336872,2710021,1626851,5223376,30.7,2.355,1.53,37960.709,
PAK,Asia,Pakistan,30.3753,69.3451,2021-09-17,1221261,2512,27135,63,57626,18740356,0.053,19,71311567,53396378,23241257,225199929,23.5,4.495,2.78,5034.708,4
PLW,Oceania,Palau,,,2021-09-17,5,0,,,,,,,,,,18174,,,,13240.405,
PSE,Asia,Palestine,31.9522,35.2332,2021-09-17,381854,2219,3890,19,11228,,0.215,4.7,1810211,1271801,538410,5222756,20.4,3.043,1.726,4449.898,1
PAN,North America,Panama,8.538,-80.7821,2021-09-17,463783,324,7169,3,8191,3772110,0.048,21,5042581,2891906,2150675,4381583,29.7,7.918,5.03,22267.037,2.2
PNG,Oceania,Papua New Guinea,-6.314993,143.95555,2021-09-17,18542,0,204,0,,,,,154710,114419,40291,9119005,22.6,3.808,2.142,3823.194,
PRY,South America,Paraguay,-23.4425,-58.4438,2021-09-17,459524,0,16120,0,2232,1809486,0.025,39.7,4401222,2550991,1850231,7219641,26.5,6.378,3.833,8827.01,1.7
PER,South America,Peru,-9.19,-75.0152,2021-09-17,2164380,0,198891,0,,,,,21271177,12354190,8916987,33359415,29.1,7.151,4.455,12236.706,3.5
PHL,Asia,Philippines,12.879721,121.774017,2021-09-17,2324475,20283,36328,310,69289,18837782,0.297,3.4,40518845,,17977462,111046910,25.2,4.803,2.661,7599.188,
POL,Europe,Poland,51.9194,19.1451,2021-09-17,2896599,652,75473,9,40596,19961353,0.015,68.4,36878694,19601546,19191249,37797000,41.8,16.763,10.202,27216.445,
PRT,Europe,Portugal,39.3999,-8.2245,2021-09-17,1060432,1023,17895,7,61620,17806549,0.02,50.1,15550992,8846756,8319395,10167923,46.2,21.502,14.924,27936.896,0.5
QAT,Asia,Qatar,25.3548,51.1839,2021-09-17,235304,117,604,0,5671,2584515,0.026,38.2,4633897,2360308,2218292,2930524,31.9,1.307,0.617,116935.6,
ROU,Europe,Romania,45.9432,24.9668,2021-09-17,1139505,4478,35359,73,,9335522,0.225,4.4,9912393,5347116,5237170,19127772,43,17.85,11.69,23313.199,5.7
RUS,Europe,Russia,61.524,105.3188,2021-09-17,7130245,19589,193111,771,,185649676,0.044,23,87267626,46745074,40522552,145912022,39.6,14.178,9.393,24765.954,0.1
RWA,Africa,Rwanda,-1.9403,29.8739,2021-09-17,94893,415,1199,6,14495,2644414,0.035,28.5,2882134,1827371,1054763,13276517,20.3,2.974,1.642,1854.211,56
KNA,North America,Saint Kitts and Nevis,17.357822,-62.782998,2021-09-17,1589,0,9,0,257,35529,0.109,9.2,46884,24968,21916,53546,,,,24654.385,
LCA,North America,Saint Lucia,13.9094,-60.9789,2021-09-17,10344,127,148,9,,,,,71517,42594,28923,184401,34.9,9.721,6.405,12951.839,
VCT,North America,Saint Vincent and the Grenadines,12.9843,-61.2872,2021-09-17,2613,0,13,0,,,,,32126,19512,12644,111269,31.8,7.724,4.832,10727.146,
SMR,Europe,San Marino,43.9424,12.4578,2021-09-17,5412,4,90,0,,,,,46917,24329,24329,34010,,,,56861.47,
STP,Africa,Sao Tome and Principe,0.18636,6.613081,2021-09-17,3025,41,43,1,,,,,57154,45088,12066,223364,18.7,2.886,2.162,3052.714,32.3
SAU,Asia,Saudi Arabia,23.885942,45.079162,2021-09-17,546411,75,8651,6,49548,28248324,0.001,1027.9,40573432,23022785,17550647,35340680,31.9,3.295,1.845,49045.411,
SEN,Africa,Senegal,14.4974,-14.4524,2021-09-17,73588,26,1842,1,2564,787408,0.014,72,1768064,1203066,564998,17196308,18.7,3.008,1.796,2470.58,38
SRB,Europe,Serbia,44.0165,21.0059,2021-09-17,853686,7572,7698,34,26183,5342565,0.286,3.5,6238655,2990502,2854142,6804596,41.2,17.366,,14048.881,
SYC,Africa,Seychelles,-4.6796,55.492,2021-09-17,20593,0,106,0,,,,,,,,98910,36.2,8.606,5.586,26382.287,1.1
SLE,Africa,Sierra Leone,8.460555,-11.779889,2021-09-17,6391,3,121,0,,,,,221110,181065,40045,8141343,19.1,2.538,1.285,1390.3,52.2
SGP,Asia,Singapore,1.2833,103.8333,2021-09-17,75783,935,59,0,,18638817,0.008,130,9084721,4654992,4544159,5896684,42.4,12.922,7.049,85535.383,
SVK,Europe,Slovakia,48.669,19.699,2021-09-17,401250,902,12569,3,27933,41455749,0.023,43.5,4636179,2415058,2221121,5460726,41.2,15.07,9.167,30155.152,0.7
SVN,Europe,Slovenia,46.1512,14.9955,2021-09-17,281687,1143,4492,6,6528,1519459,0.201,5,2034157,1071680,962477,2078723,44.5,19.062,12.93,31400.84,
SOM,Africa,Somalia,5.152149,46.199616,2021-09-17,18820,0,1041,0,,,,,351305,231089,120216,16359500,16.8,2.731,1.496,,
ZAF,Africa,South Africa,-30.5595,22.9375,2021-09-17,2877063,3648,85952,173,45342,17236691,0.099,10.1,15683797,11367049,7734069,60041996,27.3,5.344,3.053,12294.876,18.9
KOR,Asia,South Korea,35.907757,127.766922,2021-09-17,284022,2084,2394,5,47324,13017726,0.042,23.8,55514851,35414516,21489009,51305184,43.4,13.914,8.622,35938.374,0.2
SSD,Africa,South Sudan,6.877,31.307,2021-09-17,11800,10,121,0,,,,,67109,55182,11927,11381377,19.2,3.441,2.032,1569.888,
ESP,Europe,Spain,40.463667,-3.74922,2021-09-17,4929546,3222,85783,44,,56889626,0.05,20.1,69094664,37385758,35784743,46745211,45.5,19.436,13.799,34272.36,1
LKA,Asia,Sri Lanka,7.873054,80.771797,2021-09-17,500772,2078,11938,121,9672,5163974,0.276,3.6,24558102,13690202,10867900,21497306,34.1,10.069,5.331,11669.077,0.7
SDN,Africa,Sudan,12.8628,30.2176,2021-09-17,37995,0,2875,0,,,,,1423327,648840,505413,44909351,19.7,3.548,2.034,4466.507,
SUR,South America,Suriname,3.9193,-56.0278,2021-09-17,36428,611,796,8,,,,,376042,216536,159506,591798,29.6,6.933,4.229,13767.119,
SWE,Europe,Sweden,60.1282,18.6435,2021-09-17,1144982,1009,14775,22,37493,,0.029,35,13403076,7070462,6332614,10160159,41,19.985,13.433,46949.283,0.5
CHE,Europe,Switzerland,46.8182,8.2275,2021-09-17,823078,2096,10999,8,32826,9882439,0.073,13.7,10055192,5270807,4587999,8715494,43.1,18.436,12.644,57410.166,
SYR,Asia,Syria,34.802075,38.996815,2021-09-17,30337,184,2112,8,,,,,,,,18275704,21.7,,2.577,,
TWN,Asia,Taiwan,23.7,121,2021-09-17,16123,8,839,0,24536,3092342,0,3553.5,12938098,11536036,1402062,23855008,42.2,,8.353,,
TJK,Asia,Tajikistan,38.861034,71.276093,2021-09-17,17484,0,125,0,,,,,3446777,2168537,1278240,9749625,23.3,3.466,2.155,2896.913,4.8
TZA,Africa,Tanzania,-6.369028,34.888822,2021-09-17,1367,0,50,0,,,,,350000,350000,350000,61498438,17.7,3.108,1.874,2683.304,49.1
THA,Asia,Thailand,15.870032,100.992541,2021-09-17,1448792,14555,15124,171,41354,12894770,0.293,3.4,43342103,28436015,14285995,69950844,40.1,11.373,6.89,16277.671,0.1
TLS,Asia,Timor,-8.874217,125.727539,2021-09-17,18943,87,103,1,,194367,0.164,6.1,643324,408918,234406,1343875,18,3.556,1.897,6570.102,30.3
TGO,Africa,Togo,8.6195,0.8248,2021-09-17,24369,276,211,2,1836,491349,0.087,11.5,651941,414249,237692,8478242,19.4,2.839,1.525,1429.813,49.2
TTO,North America,Trinidad and Tobago,10.6918,-61.2225,2021-09-17,48143,218,1405,8,5319,331651,0.143,7,1014945,555534,459411,1403374,36.2,10.014,5.819,28763.071,
TUN,Africa,Tunisia,33.886917,9.537499,2021-09-17,698427,1006,24415,32,9547,2830291,0.143,7,7017171,4610453,3128815,11935764,32.7,8.001,5.075,10849.297,2
TUR,Asia,Turkey,38.9637,35.2433,2021-09-17,6794670,27692,61140,237,343142,81382545,0.077,12.9,104593216,52497989,41739242,85042736,31.6,8.153,5.061,25129.341,0.2
UGA,Africa,Uganda,1.373333,32.290275,2021-09-17,121984,200,3119,4,3374,1635630,0.035,28.2,,,,47123533,16.4,2.168,1.308,1697.707,41.6
UKR,Europe,Ukraine,48.3794,31.1656,2021-09-17,2442344,6940,58265,119,35171,12412498,0.142,7.1,11362214,6248153,5114061,43466822,41.4,16.462,11.133,7894.393,0.1
ARE,Asia,United Arab Emirates,23.424076,53.847818,2021-09-17,731828,521,2071,2,275823,79589959,0.002,487.3,19330107,9059751,7971790,9991083,34,1.144,0.526,67293.483,
GBR,Europe,United Kingdom,55,-3,2021-09-17,7406017,32566,135314,180,1063453,259880899,0.031,32.3,92826977,48528901,44298076,68207114,40.8,18.517,12.527,39753.244,0.2
USA,North America,United States,40,-100,2021-09-17,41993789,207886,672635,2635,382262,551079079,0.142,7,383994877,211097597,180572171,332915074,38.3,15.413,9.732,54225.446,1.2
URY,South America,Uruguay,-32.5228,-55.7658,2021-09-17,387449,150,6046,0,10352,3472637,0.018,55.8,6015778,2716871,2558759,3485152,35.6,14.655,10.361,20551.409,0.1
UZB,Asia,Uzbekistan,41.377491,64.585262,2021-09-17,167268,624,1179,4,,,,,17435318,9787973,3345225,33935765,28.2,4.469,2.873,6253.104,
VAT,Europe,Vatican,41.9029,12.4534,2021-09-17,27,0,,,,,,,,,,812,,,,,
VEN,South America,Venezuela,6.4238,-66.5897,2021-09-17,353401,2606,4275,30,,,,,11094206,6822809,4271397,28704947,29,6.614,3.915,16745.022,
VNM,Asia,Vietnam,14.058324,108.277199,2021-09-17,667650,11521,16637,212,209988,18407857,0.046,21.6,32296517,26307653,5988864,98168829,32.6,7.15,4.718,6171.884,2
YEM,Asia,Yemen,15.552727,48.516388,2021-09-17,8593,36,1628,9,,,,,322934,308025,14909,30490639,20.3,2.922,1.583,1479.147,18.8
ZMB,Africa,Zambia,-13.133897,27.849332,2021-09-17,208353,86,3637,1,6888,2375797,0.016,60.6,636600,311049,291947,18920657,17.7,2.48,1.542,3689.251,57.5
ZWE,Africa,Zimbabwe,-19.015438,29.154857,2021-09-17,127632,264,4562,2,6482,1200458,0.042,23.7,4964302,2930550,2033752,15092171,19.6,2.822,1.882,1899.775,21.4
